{"cameraMode":{"drawMode":0,"name":"Shaded","section":"Shading Mode"},"sceneLighting":true,"audioPlay":false,"sceneViewState":{"showFog":true,"showMaterialUpdate":false,"showSkybox":true,"showFlares":true,"showImageEffects":true,"showParticleSystems":true},"in2DMode":false,"pivot":{"x":35.77449417114258,"y":1.8976502418518067,"z":29.838592529296876},"rotation":{"x":-0.008216943591833115,"y":-0.2107565850019455,"z":0.0017875628545880318,"w":-0.9775552153587341},"size":5.837036609649658,"orthographic":false}